,username,description,location,text,hashtags
0,jnsuvo,"Hi, I am Shuvo. Full Time Freelancer. Professional Graphics Designer and Social Media Marketing Expert!
Anybody need my services, please contract me. Thank you!","Los Angeles, CA","Vibe Academy is offering Online Classes with live instructors for children from 3 to 6 years old!

Starts June 27th and runs until August 5th 2022 at https://t.co/Rk0PmFTvh7! Sign up today - just $150 for 6 weeks of learning and fun!

#elearning #education #onlinelearning https://t.co/CA8TwjQrzO",[]
1,educationbnb,By Doctor @KrittanawongMD. The leaderboard of #education3.0 lovers. Our mission: Establish education 3.0 Twitter community,,Make Your Own Online Courses https://t.co/K1bfwkeORG #onlinecourse #onlinelearning #onlinecourses #education #elearning #online #onlineclass #learning #onlineclasses #onlinetraining #course #training #dirumahaja #learnonline #kursusonline #learn #entrepreneur #stayhome #COURSES https://t.co/VKljj9ItAK,"['onlinecourse', 'onlinelearning', 'onlinecourses', 'education', 'elearning']"
2,AedinInsight,"Digital Marketing Manager @aedinInsight
Connecting small businesses with customers‚Ä¶and have a great time doing it.","Albuquerque, New Mexico",Make Your Own Online Courses https://t.co/K1bfwkeORG #onlinecourse #onlinelearning #onlinecourses #education #elearning #online #onlineclass #learning #onlineclasses #onlinetraining #course #training #dirumahaja #learnonline #kursusonline #learn #entrepreneur #stayhome #COURSES https://t.co/VKljj9ItAK,"['onlinecourse', 'onlinelearning', 'onlinecourses', 'education', 'elearning', 'online', 'onlineclass', 'learning', 'onlineclasses', 'onlinetraining', 'course', 'training', 'dirumahaja', 'learnonline', 'kursusonline', 'learn', 'entrepreneur', 'stayhome', 'COURSES']"
3,vasanrt,I am a #botü§ñ and I retweet #motivation and personal development tweets . Follow me and I will follow back. Also follow my master @hwsucces,,"#Knowledge become Power only when we put it into use get Best Online Education to increase your Knowledge in every field by becoming a part of #GlobalLinkEducation.
#educational #onlinelearning #elearning #success 
For More Details Visit Our Website:
https://t.co/qif8NoqbTR https://t.co/GkjeLDLXcs",['Knowledge']
4,Global_Link_Edu,Global Link Education is the online interactive tutoring service provider that has sorted out educational complexities of students all over the world.,,"#Knowledge become Power only when we put it into use get Best Online Education to increase your Knowledge in every field by becoming a part of #GlobalLinkEducation.
#educational #onlinelearning #elearning #success 
For More Details Visit Our Website:
https://t.co/qif8NoqbTR https://t.co/GkjeLDLXcs","['Knowledge', 'GlobalLinkEducation', 'educational', 'onlinelearning', 'elearning', 'success']"
5,educationbnb,By Doctor @KrittanawongMD. The leaderboard of #education3.0 lovers. Our mission: Establish education 3.0 Twitter community,,"SmartHead - Tutoring Service &amp; Online School Education WordPress Theme
https://t.co/ybVFxhZebj

#ancorathemes #appointments #classes #elearning #lessons #onlinelearning #onlineschool #studying #teaching #themeforest #tutoringservices #visualcomposer https://t.co/b8q7fGVx13",['ancorathemes']
6,stylelibreview,"50,000 WordPress Themes & Website Templates From 5$. The Most Popular eCommerce, WordPress Themes and Plugins.","Ukraine, Kiev","SmartHead - Tutoring Service &amp; Online School Education WordPress Theme
https://t.co/ybVFxhZebj

#ancorathemes #appointments #classes #elearning #lessons #onlinelearning #onlineschool #studying #teaching #themeforest #tutoringservices #visualcomposer https://t.co/b8q7fGVx13","['ancorathemes', 'appointments', 'classes', 'elearning', 'lessons', 'onlinelearning', 'onlineschool', 'studying', 'teaching', 'themeforest', 'tutoringservices', 'visualcomposer']"
7,AedinInsight,"Digital Marketing Manager @aedinInsight
Connecting small businesses with customers‚Ä¶and have a great time doing it.","Albuquerque, New Mexico",Make Your Own Online Courses https://t.co/K1bfwkeORG #onlinecourse #onlinelearning #onlinecourses #education #elearning #online #onlineclass #learning #onlineclasses #onlinetraining #course #training #dirumahaja #learnonline #kursusonline #learn #entrepreneur #stayhome #COURSES https://t.co/ZmEy9Bg7w3,"['onlinecourse', 'onlinelearning', 'onlinecourses', 'education', 'elearning', 'online', 'onlineclass', 'learning', 'onlineclasses', 'onlinetraining', 'course', 'training', 'dirumahaja', 'learnonline', 'kursusonline', 'learn', 'entrepreneur', 'stayhome', 'COURSES']"
8,AnirudhPrakhya,,,"üî• Click below link to buy Books and EDUCBA Courses.
#vedicastrology #educba #learnfromhome #learningnewthings #onlinelearning #elearning #education
üëâ https://t.co/RXzG3sbDsK https://t.co/A4ZWFMn2cl","['vedicastrology', 'educba', 'learnfromhome', 'learningnewthings', 'onlinelearning', 'elearning', 'education']"
9,DistanceLrnBot,"Follow this account to get Tweets with hashtag #distancelearning in your timeline.  Share, learn, & support students together.  Managed by @MrsJennCarr.",San Diego,"Complete your pending application.
Admission Open for Online BBA MBA, MA BA, BCA MCA,BCOM MCOM Degree Programs!

#onlinelearning #education #learning #elearning #onlineclasses #distancelearning #online #onlinecourses #learnfromhome https://t.co/DoRnXPHFqB",[]
10,eduhunger_com,"eduHunger is a digital marketing company based in Sas Nagar, India. Founded in 2012, eduHunger employs around 15 professionals as it looks to provide services.",Mohali,"Complete your pending application.
Admission Open for Online BBA MBA, MA BA, BCA MCA,BCOM MCOM Degree Programs!

#onlinelearning #education #learning #elearning #onlineclasses #distancelearning #online #onlinecourses #learnfromhome https://t.co/DoRnXPHFqB","['onlinelearning', 'education', 'learning', 'elearning', 'onlineclasses', 'distancelearning', 'online', 'onlinecourses', 'learnfromhome']"
11,AedinInsight,"Digital Marketing Manager @aedinInsight
Connecting small businesses with customers‚Ä¶and have a great time doing it.","Albuquerque, New Mexico",Make Your Own Online Courses https://t.co/K1bfwkeORG #onlinecourse #onlinelearning #onlinecourses #education #elearning #online #onlineclass #learning #onlineclasses #onlinetraining #course #training #dirumahaja #learnonline #kursusonline #learn #entrepreneur #stayhome #COURSES https://t.co/Pso24hcbcL,"['onlinecourse', 'onlinelearning', 'onlinecourses', 'education', 'elearning', 'online', 'onlineclass', 'learning', 'onlineclasses', 'onlinetraining', 'course', 'training', 'dirumahaja', 'learnonline', 'kursusonline', 'learn', 'entrepreneur', 'stayhome', 'COURSES']"
12,AedinInsight,"Digital Marketing Manager @aedinInsight
Connecting small businesses with customers‚Ä¶and have a great time doing it.","Albuquerque, New Mexico",Make Your Own Online Courses https://t.co/K1bfwkwpJe #onlinecourse #onlinelearning #onlinecourses #education #elearning #online #onlineclass #learning #onlineclasses #onlinetraining #course #training #dirumahaja #learnonline #kursusonline #learn #entrepreneur #stayhome #COURSES https://t.co/MdT8iUd5PC,"['onlinecourse', 'onlinelearning', 'onlinecourses', 'education', 'elearning', 'online', 'onlineclass', 'learning', 'onlineclasses', 'onlinetraining', 'course', 'training', 'dirumahaja', 'learnonline', 'kursusonline', 'learn', 'entrepreneur', 'stayhome', 'COURSES']"
13,educationbnb,By Doctor @KrittanawongMD. The leaderboard of #education3.0 lovers. Our mission: Establish education 3.0 Twitter community,,"Transform your income into a source of income by teaching from your home
Sell your course now

For more info or booking
Call- +91-98448-01021
Mail- info@coach-ease.com
Website- https://t.co/qUTbffpter

#coachease #onlinecourse #onlinelearning #onlinecourses #education #elearning https://t.co/Akr1v2Votx",[]
14,coach_ease,,,"Transform your income into a source of income by teaching from your home
Sell your course now

For more info or booking
Call- +91-98448-01021
Mail- info@coach-ease.com
Website- https://t.co/qUTbffpter

#coachease #onlinecourse #onlinelearning #onlinecourses #education #elearning https://t.co/Akr1v2Votx","['coachease', 'onlinecourse', 'onlinelearning', 'onlinecourses', 'education', 'elearning']"
15,educationbnb,By Doctor @KrittanawongMD. The leaderboard of #education3.0 lovers. Our mission: Establish education 3.0 Twitter community,,Make Your Own Online Courses https://t.co/K1bfwkwpJe #onlinecourse #onlinelearning #onlinecourses #education #elearning #online #onlineclass #learning #onlineclasses #onlinetraining #course #training #dirumahaja #learnonline #kursusonline #learn #entrepreneur #stayhome #COURSES https://t.co/6qxqybrdYf,"['onlinecourse', 'onlinelearning', 'onlinecourses', 'education', 'elearning']"
16,AedinInsight,"Digital Marketing Manager @aedinInsight
Connecting small businesses with customers‚Ä¶and have a great time doing it.","Albuquerque, New Mexico",Make Your Own Online Courses https://t.co/K1bfwkwpJe #onlinecourse #onlinelearning #onlinecourses #education #elearning #online #onlineclass #learning #onlineclasses #onlinetraining #course #training #dirumahaja #learnonline #kursusonline #learn #entrepreneur #stayhome #COURSES https://t.co/6qxqybrdYf,"['onlinecourse', 'onlinelearning', 'onlinecourses', 'education', 'elearning', 'online', 'onlineclass', 'learning', 'onlineclasses', 'onlinetraining', 'course', 'training', 'dirumahaja', 'learnonline', 'kursusonline', 'learn', 'entrepreneur', 'stayhome', 'COURSES']"
17,AedinInsight,"Digital Marketing Manager @aedinInsight
Connecting small businesses with customers‚Ä¶and have a great time doing it.","Albuquerque, New Mexico",Make Your Own Online Courses https://t.co/K1bfwkwpJe #onlinecourse #onlinelearning #onlinecourses #education #elearning #online #onlineclass #learning #onlineclasses #onlinetraining #course #training #dirumahaja #learnonline #kursusonline #learn #entrepreneur #stayhome #COURSES https://t.co/Rh3g9mkhxC,"['onlinecourse', 'onlinelearning', 'onlinecourses', 'education', 'elearning', 'online', 'onlineclass', 'learning', 'onlineclasses', 'onlinetraining', 'course', 'training', 'dirumahaja', 'learnonline', 'kursusonline', 'learn', 'entrepreneur', 'stayhome', 'COURSES']"
18,educationbnb,By Doctor @KrittanawongMD. The leaderboard of #education3.0 lovers. Our mission: Establish education 3.0 Twitter community,,Design a Best-In-Class Business : https://t.co/WqRV24hqle #business #MOOC #elearning #onlinecourses #onlinelearning #MOOCs,"['business', 'MOOC', 'elearning', 'onlinecourses', 'onlinelearning']"
19,OnlineCourse365,#elearning #MOOC #onlinecourse #onlinelearning #MOOCs #onlinecourses,@OnlineCourse365,Design a Best-In-Class Business : https://t.co/WqRV24hqle #business #MOOC #elearning #onlinecourses #onlinelearning #MOOCs,"['business', 'MOOC', 'elearning', 'onlinecourses', 'onlinelearning', 'MOOCs']"
20,AedinInsight,"Digital Marketing Manager @aedinInsight
Connecting small businesses with customers‚Ä¶and have a great time doing it.","Albuquerque, New Mexico",Make Your Own Online Courses https://t.co/K1bfwkeORG #onlinecourse #onlinelearning #onlinecourses #education #elearning #online #onlineclass #learning #onlineclasses #onlinetraining #course #training #dirumahaja #learnonline #kursusonline #learn #entrepreneur #stayhome #COURSES https://t.co/Sw4vB1Ye4M,"['onlinecourse', 'onlinelearning', 'onlinecourses', 'education', 'elearning', 'online', 'onlineclass', 'learning', 'onlineclasses', 'onlinetraining', 'course', 'training', 'dirumahaja', 'learnonline', 'kursusonline', 'learn', 'entrepreneur', 'stayhome', 'COURSES']"
21,DistanceLrnBot,"Follow this account to get Tweets with hashtag #distancelearning in your timeline.  Share, learn, & support students together.  Managed by @MrsJennCarr.",San Diego,Check out the latest E-Learning news and resources at https://t.co/ZzEET5DHAE (updated daily) #elearning #distancelearning #onlinelearning #school #virtuallearning #cbt #wbt #college #university #onlinedegree #education #ai,"['elearning', 'distancelearning']"
22,estatoora,"üëë ‚Ä¢  The #1 #eCom platform for
‚öô  ‚Ä¢ Making Businesses Better, Wider
‚öí  ‚Ä¢ Build your business website now!",,"info@estatoora.com or via phone: 0919-085-3085

RELATED WEBINAR ON ESTATOORA LMS: https://t.co/d0w9qSSw4v

#estatoora #chatwithus #estatooralms #elearning #elearninghero #freelms #lms #onlinelearning","['estatoora', 'chatwithus', 'estatooralms', 'elearning', 'elearninghero', 'freelms', 'lms', 'onlinelearning']"
23,PyScaleLLC,"Polyglot technologist. PyScale focuses on developing scalable, solutions in the cloud. Retweets do not represent my views. link - https://t.co/KeYGCi3bOi","Miami, FL",Check out the latest E-Learning news and resources at https://t.co/ZzEET5DHAE (updated daily) #elearning #distancelearning #onlinelearning #school #virtuallearning #cbt #wbt #college #university #onlinedegree #education #ai,"['elearning', 'distancelearning']"
24,educationbnb,By Doctor @KrittanawongMD. The leaderboard of #education3.0 lovers. Our mission: Establish education 3.0 Twitter community,,"CorpTrain - Corporate Training WordPress Theme
https://t.co/7pvFppXQ4x

#coaching #courses #elearning #education #educationwordpresstheme #learning #learningmanagementsystem #learnpress #lessons #lms #onlinecourse #onlineeducation #onlinelearning #themeforest","['coaching', 'courses', 'elearning', 'education']"
25,uthemesdesign,"50,000 WordPress Themes & Website Templates From 5$. The Most Popular eCommerce, WordPress Themes and Plugins.",,"CorpTrain - Corporate Training WordPress Theme
https://t.co/7pvFppXQ4x

#coaching #courses #elearning #education #educationwordpresstheme #learning #learningmanagementsystem #learnpress #lessons #lms #onlinecourse #onlineeducation #onlinelearning #themeforest","['coaching', 'courses', 'elearning', 'education', 'educationwordpresstheme', 'learning', 'learningmanagementsystem', 'learnpress', 'lessons', 'lms', 'onlinecourse', 'onlineeducation', 'onlinelearning', 'themeforest']"
26,jurczyk,"https://t.co/c02gCUsKUP Web Designer, Digital Marketer, Elearning Designer, Content Manager, Founder.","Brecksville, OH",Check out the latest E-Learning news and resources at https://t.co/ZzEET5DHAE (updated daily) #elearning #distancelearning #onlinelearning #school #virtuallearning #cbt #wbt #college #university #onlinedegree #education #ai,"['elearning', 'distancelearning', 'onlinelearning', 'school', 'virtuallearning', 'cbt', 'wbt', 'college', 'university', 'onlinedegree', 'education', 'ai']"
27,educationbnb,By Doctor @KrittanawongMD. The leaderboard of #education3.0 lovers. Our mission: Establish education 3.0 Twitter community,,Make Your Own Online Courses https://t.co/K1bfwkwpJe #onlinecourse #onlinelearning #onlinecourses #education #elearning #online #onlineclass #learning #onlineclasses #onlinetraining #course #training #dirumahaja #learnonline #kursusonline #learn #entrepreneur #stayhome #COURSES https://t.co/RJsy3caPmd,"['onlinecourse', 'onlinelearning', 'onlinecourses', 'education', 'elearning']"
28,AedinInsight,"Digital Marketing Manager @aedinInsight
Connecting small businesses with customers‚Ä¶and have a great time doing it.","Albuquerque, New Mexico",Make Your Own Online Courses https://t.co/K1bfwkwpJe #onlinecourse #onlinelearning #onlinecourses #education #elearning #online #onlineclass #learning #onlineclasses #onlinetraining #course #training #dirumahaja #learnonline #kursusonline #learn #entrepreneur #stayhome #COURSES https://t.co/RJsy3caPmd,"['onlinecourse', 'onlinelearning', 'onlinecourses', 'education', 'elearning', 'online', 'onlineclass', 'learning', 'onlineclasses', 'onlinetraining', 'course', 'training', 'dirumahaja', 'learnonline', 'kursusonline', 'learn', 'entrepreneur', 'stayhome', 'COURSES']"
29,stylelibreview,"50,000 WordPress Themes & Website Templates From 5$. The Most Popular eCommerce, WordPress Themes and Plugins.","Ukraine, Kiev","Edus - Online Courses HTML Template
https://t.co/M3dWAPRGvU

#academy #college #elearning #kindergarten #kreativdev #languagecourse #learningmanagement #lms #onlinecourses #onlineeducation #onlinelearning #sitetemplates #themeforest #business #corporate https://t.co/wTiD2C8Hwj","['academy', 'college', 'elearning', 'kindergarten', 'kreativdev', 'languagecourse', 'learningmanagement', 'lms', 'onlinecourses', 'onlineeducation', 'onlinelearning', 'sitetemplates', 'themeforest', 'business', 'corporate']"
30,AedinInsight,"Digital Marketing Manager @aedinInsight
Connecting small businesses with customers‚Ä¶and have a great time doing it.","Albuquerque, New Mexico",Make Your Own Online Courses https://t.co/K1bfwkwpJe #onlinecourse #onlinelearning #onlinecourses #education #elearning #online #onlineclass #learning #onlineclasses #onlinetraining #course #training #dirumahaja #learnonline #kursusonline #learn #entrepreneur #stayhome #COURSES https://t.co/gAlL6TVGKZ,"['onlinecourse', 'onlinelearning', 'onlinecourses', 'education', 'elearning', 'online', 'onlineclass', 'learning', 'onlineclasses', 'onlinetraining', 'course', 'training', 'dirumahaja', 'learnonline', 'kursusonline', 'learn', 'entrepreneur', 'stayhome', 'COURSES']"
31,drsamswapnorg,"Dr. Sam Swapn Foundation is a registered Non-Profit Organization in California, USA, under 501(3)¬© since 2012 doing nonprofit work and believes in ‚Äògiving back.","Fremont, California ","Why choose PMP Certification Course in 2022? ü§î

Here we have some ideal answers to your questions about upskilling‚úå in the Project Management profession/ certification course. 

#pmp #projectmanagement #courses #onlinelearning #career #upskilling #growthmindset #eLearning #USA https://t.co/AMs2EOZtvg","['pmp', 'projectmanagement', 'courses', 'onlinelearning', 'career', 'upskilling', 'growthmindset', 'eLearning', 'USA']"
32,education_24x7,"All education content. Education changes the life.
Software Developer| ML | DS | Technical Blogging at https://t.co/WNErKjwYtH |",Delhi,Make Your Own Online Courses https://t.co/K1bfwkeORG #onlinecourse #onlinelearning #onlinecourses #education #elearning #online #onlineclass #learning #onlineclasses #onlinetraining #course #training #dirumahaja #learnonline #kursusonline #learn #entrepreneur #stayhome #COURSES https://t.co/eauvXk5Apw,"['onlinecourse', 'onlinelearning', 'onlinecourses', 'education', 'elearning']"
33,AedinInsight,"Digital Marketing Manager @aedinInsight
Connecting small businesses with customers‚Ä¶and have a great time doing it.","Albuquerque, New Mexico",Make Your Own Online Courses https://t.co/K1bfwkwpJe #onlinecourse #onlinelearning #onlinecourses #education #elearning #online #onlineclass #learning #onlineclasses #onlinetraining #course #training #dirumahaja #learnonline #kursusonline #learn #entrepreneur #stayhome #COURSES https://t.co/SVk7Jdjl7h,"['onlinecourse', 'onlinelearning', 'onlinecourses', 'education', 'elearning', 'online', 'onlineclass', 'learning', 'onlineclasses', 'onlinetraining', 'course', 'training', 'dirumahaja', 'learnonline', 'kursusonline', 'learn', 'entrepreneur', 'stayhome', 'COURSES']"
34,StrategismINC,"Learn PMP, BA, QA, Scrum, React jS, AWS, Salesforce, AI&ML, SAFe PO & Others Courses with Top class trainers at #StrategismInc. Call Us: +1 844-404-0103.","Newark, California, USA","Why choose PMP Certification Course in 2022? ü§î

Here we have some ideal answers to your questions about upskilling‚úå in the Project Management profession/ certification course. 

#pmp #projectmanagement #courses #onlinelearning #career #upskilling #growthmindset #eLearning #USA https://t.co/4fUi3ryIEn","['pmp', 'projectmanagement', 'courses', 'onlinelearning', 'career', 'upskilling', 'growthmindset', 'eLearning', 'USA']"
35,DistanceLrnBot,"Follow this account to get Tweets with hashtag #distancelearning in your timeline.  Share, learn, & support students together.  Managed by @MrsJennCarr.",San Diego,Available for #OnlineTeaching: Dr. J ‚Äì Learn More‚Üí  https://t.co/9YZWiUZeGw #distancelearning #adjuncts #educators #adultedu #elearning #edtech #onlinelearning #highered #education #adulteducation #adultlearning  #remotework #teachertwitter #educational #onlineclasses https://t.co/0SHEVotfoC,"['OnlineTeaching', 'distancelearning', 'adjuncts', 'educators']"
36,khudkaar,KhudKaar is a social enterprise working to create sustainable employment opportunities for unemployed,Ÿæÿß⁄©ÿ≥ÿ™ÿßŸÜ,"Enroll now to be an expert designer and get hired by our partner network.
..
.
.
.
#courses #training #education #learning #course #onlinecourses #career #online #learn #business #students #college #study #onlinelearning #skills #elearning #udemy #university #student #sport https://t.co/7xR9kn7zOo","['courses', 'training', 'education', 'learning', 'course', 'onlinecourses', 'career', 'online', 'learn', 'business', 'students', 'college', 'study', 'onlinelearning', 'skills', 'elearning', 'udemy', 'university', 'student', 'sport']"
37,CMdatascoop,,,Available for #OnlineTeaching: Dr. J ‚Äì Learn More‚Üí  https://t.co/9YZWiUZeGw #distancelearning #adjuncts #educators #adultedu #elearning #edtech #onlinelearning #highered #education #adulteducation #adultlearning  #remotework #teachertwitter #educational #onlineclasses https://t.co/0SHEVotfoC,"['OnlineTeaching', 'distancelearning', 'adjuncts', 'educators']"
38,DrBruceAJohnson,Transformational Educator: Specialize in Adult Education | Distance Learning | Online Teaching | Higher Education | Faculty Development | Curriculum Development,United States,Available for #OnlineTeaching: Dr. J ‚Äì Learn More‚Üí  https://t.co/9YZWiUZeGw #distancelearning #adjuncts #educators #adultedu #elearning #edtech #onlinelearning #highered #education #adulteducation #adultlearning  #remotework #teachertwitter #educational #onlineclasses https://t.co/0SHEVotfoC,"['OnlineTeaching', 'distancelearning', 'adjuncts', 'educators', 'adultedu', 'elearning', 'edtech', 'onlinelearning', 'highered', 'education', 'adulteducation', 'adultlearning', 'remotework', 'teachertwitter', 'educational', 'onlineclasses']"
39,AedinInsight,"Digital Marketing Manager @aedinInsight
Connecting small businesses with customers‚Ä¶and have a great time doing it.","Albuquerque, New Mexico",Make Your Own Online Courses https://t.co/K1bfwkwpJe #onlinecourse #onlinelearning #onlinecourses #education #elearning #online #onlineclass #learning #onlineclasses #onlinetraining #course #training #dirumahaja #learnonline #kursusonline #learn #entrepreneur #stayhome #COURSES https://t.co/Qomgws0qmZ,"['onlinecourse', 'onlinelearning', 'onlinecourses', 'education', 'elearning', 'online', 'onlineclass', 'learning', 'onlineclasses', 'onlinetraining', 'course', 'training', 'dirumahaja', 'learnonline', 'kursusonline', 'learn', 'entrepreneur', 'stayhome', 'COURSES']"
40,kamal_iimi,,Mumbai,"Let's make all course content simpler for students to learn faster with CollegeDoors' Study Material

Visit Us: https://t.co/l6jyNUOMPu

#elearning #onlinelearning #digital #digitalcourses #studymaterials #courses https://t.co/xca64BJL0g",[]
41,CretaClass,Creta Class is a math App product designed and developed for kids ages 3-8. App StoreÔºö https://t.co/XLSTRZuMJD Google PlayÔºöhttps://t.co/TuU6RpayuH,,"Creta Class has what kids loveÔºÅ With fun courses scientifically designed for kids aged 3-8. Start a free trial nowÔºÅ

#CretaClass #CretaClassMath #Math  #OnlineLearning #eLearning #eLearningForKids #HomeSchool #Growth #Study #Class #Kids #Child #Parenting #Homeschooler https://t.co/8JAHAA6e5n","['CretaClass', 'CretaClassMath', 'Math', 'OnlineLearning', 'eLearning', 'eLearningForKids', 'HomeSchool', 'Growth', 'Study', 'Class', 'Kids', 'Child', 'Parenting', 'Homeschooler']"
42,OnlineCourse365,#elearning #MOOC #onlinecourse #onlinelearning #MOOCs #onlinecourses,@OnlineCourse365,Best Online Courses : https://t.co/v37TV2Cv6L #elearning #MOOC #onlinecourse #onlinelearning #MOOCs #onlinecourses,"['elearning', 'MOOC', 'onlinecourse', 'onlinelearning', 'MOOCs', 'onlinecourses']"
43,AedinInsight,"Digital Marketing Manager @aedinInsight
Connecting small businesses with customers‚Ä¶and have a great time doing it.","Albuquerque, New Mexico",Make Your Own Online Courses https://t.co/K1bfwkwpJe #onlinecourse #onlinelearning #onlinecourses #education #elearning #online #onlineclass #learning #onlineclasses #onlinetraining #course #training #dirumahaja #learnonline #kursusonline #learn #entrepreneur #stayhome #COURSES https://t.co/3BiLvLP7in,"['onlinecourse', 'onlinelearning', 'onlinecourses', 'education', 'elearning', 'online', 'onlineclass', 'learning', 'onlineclasses', 'onlinetraining', 'course', 'training', 'dirumahaja', 'learnonline', 'kursusonline', 'learn', 'entrepreneur', 'stayhome', 'COURSES']"
44,CollegeDoors,"https://t.co/JTEtBWJh5U - an online platform aimed at helping JEE (Main), BITSAT, AIIMS and NEET aspirants achieve better results through Analytics & Insights.","Mumbai, India","Let's make all course content simpler for students to learn faster with CollegeDoors' Study Material

Visit Us: https://t.co/l6jyNUOMPu

#elearning #onlinelearning #digital #digitalcourses #studymaterials #courses https://t.co/xca64BJL0g","['elearning', 'onlinelearning', 'digital', 'digitalcourses', 'studymaterials', 'courses']"
45,Yusuff2211,,,"Do you need a professional? online course content, course module, outline, course video and PPT #onlinecourse #onlinelearning #onlinecourses #education #elearning #online #onlineclass #learning #onlineclasses #onlinetraining #course #training  https://t.co/cvogfmJNUw https://t.co/xlbTxH2zlM",['onlinecourse']
46,Yusuff2211,,,"Do you need a professional? online course content, course module, outline, course video and PPT #onlinecourse #onlinelearning #onlinecourses #education #elearning #online #onlineclass #learning #onlineclasses #onlinetraining #course #training  https://t.co/cvogfmJNUw https://t.co/xlbTxH2zlM","['onlinecourse', 'onlinelearning', 'onlinecourses', 'education', 'elearning', 'online', 'onlineclass', 'learning', 'onlineclasses', 'onlinetraining', 'course', 'training']"
47,Learngenix,Learning & Development company. Our mission is to help you learn - whoever and wherever you choose.,,"DEADLINE June 30th: Hey #learningtech vendors, do you serve the extended enterprise market? Enter the 2022 Talented Learning Systems Awards!
üèÖüèÖüèÖ

It's free, so what are you waiting for? Get started nowüëâhttps://t.co/dIbY7FaqeW

#LMS #LXP #onlinelearning #elearning #hrtech https://t.co/qStxRIl3b8",['learningtech']
48,AedinInsight,"Digital Marketing Manager @aedinInsight
Connecting small businesses with customers‚Ä¶and have a great time doing it.","Albuquerque, New Mexico",Make Your Own Online Courses https://t.co/K1bfwkeORG #onlinecourse #onlinelearning #onlinecourses #education #elearning #online #onlineclass #learning #onlineclasses #onlinetraining #course #training #dirumahaja #learnonline #kursusonline #learn #entrepreneur #stayhome #COURSES https://t.co/9GSqP83Ejo,"['onlinecourse', 'onlinelearning', 'onlinecourses', 'education', 'elearning', 'online', 'onlineclass', 'learning', 'onlineclasses', 'onlinetraining', 'course', 'training', 'dirumahaja', 'learnonline', 'kursusonline', 'learn', 'entrepreneur', 'stayhome', 'COURSES']"
49,AlightproOnline,"We are online IT courses training institution, providing premium learning experience that transform beginners into professionals.","4973 S Dillon St,CO 80015, USA","Why IT is the Best Career Choice? -@ https://t.co/rQDSqoTqP3

#onlinetraining #onlinecourses #onlinelearning #career #education #elearning #online #onlineclass #training #followforfollowback #alightpro https://t.co/tV5OImU7xF","['onlinetraining', 'onlinecourses', 'onlinelearning', 'career', 'education', 'elearning', 'online', 'onlineclass', 'training', 'followforfollowback', 'alightpro']"
50,TataStudi,"The Official Twitter Page of Tata Studi, start your journey towards independent learning that stays with you. #PlanPracticePerfect",India,"Every step you take is helping you progress towards success

#TCE #Planning  #Learning #Learn #CBSE #India #Knowledge #Students #Parents #Coach #OnlineLearning #NCERT #Edtech #Education #ELearning https://t.co/Xgrgqsb9gf","['TCE', 'Planning', 'Learning', 'Learn', 'CBSE', 'India', 'Knowledge', 'Students', 'Parents', 'Coach', 'OnlineLearning', 'NCERT', 'Edtech', 'Education', 'ELearning']"
51,DistanceLrnBot,"Follow this account to get Tweets with hashtag #distancelearning in your timeline.  Share, learn, & support students together.  Managed by @MrsJennCarr.",San Diego,Check out the latest E-Learning news and resources at https://t.co/QWo5LVNKG1 (updated daily) #elearning #distancelearning #onlinelearning #school #virtuallearning #cbt #wbt #college #university #onlinedegree #education #ai,"['elearning', 'distancelearning']"
52,teacherdadaedu,TeacherDada is an online course¬†marketplace¬†that acts as a digital bridge between aspiring students and professional instructors for effective teaching.¬†,India,"üé∂‚Äãüéº‚ÄãLearn Complete Guitar Online Course üíÅ‚Äç‚ôÄÔ∏è‚Äãüé∏

‚û°Ô∏è‚ÄãJoin our course ‚ÄãüíÅ‚Äç‚ôÄÔ∏è‚Äã: https://t.co/SygBvi4BrF

#onlinecourse #onlinelearning #onlinecourses #education #elearning  #guitar #music #guitarist #rock #musician #guitarplayer #bass #singer #metal #drums #guitarra #guitarsolo https://t.co/v9FYaKEQ9k","['onlinecourse', 'onlinelearning', 'onlinecourses', 'education', 'elearning', 'guitar', 'music', 'guitarist', 'rock', 'musician', 'guitarplayer', 'bass', 'singer', 'metal', 'drums', 'guitarra', 'guitarsolo']"
53,PyScaleLLC,"Polyglot technologist. PyScale focuses on developing scalable, solutions in the cloud. Retweets do not represent my views. link - https://t.co/KeYGCi3bOi","Miami, FL",Check out the latest E-Learning news and resources at https://t.co/QWo5LVNKG1 (updated daily) #elearning #distancelearning #onlinelearning #school #virtuallearning #cbt #wbt #college #university #onlinedegree #education #ai,"['elearning', 'distancelearning']"
54,jurczyk,"https://t.co/c02gCUsKUP Web Designer, Digital Marketer, Elearning Designer, Content Manager, Founder.","Brecksville, OH",Check out the latest E-Learning news and resources at https://t.co/QWo5LVNKG1 (updated daily) #elearning #distancelearning #onlinelearning #school #virtuallearning #cbt #wbt #college #university #onlinedegree #education #ai,"['elearning', 'distancelearning', 'onlinelearning', 'school', 'virtuallearning', 'cbt', 'wbt', 'college', 'university', 'onlinedegree', 'education', 'ai']"
55,JohnLeh,"CEO/Lead Analyst https://t.co/TjjBqahfoz (@TalentedLearn). #Learning #tech consultant/blogger focused on extended enterprise. Love literature, lifelong learning","Pennsylvania, USA","DEADLINE June 30th: Hey #learningtech vendors, do you serve the extended enterprise market? Enter the 2022 Talented Learning Systems Awards!
üèÖüèÖüèÖ

It's free, so what are you waiting for? Get started nowüëâhttps://t.co/dIbY7FaqeW

#LMS #LXP #onlinelearning #elearning #hrtech https://t.co/qStxRIl3b8",['learningtech']
56,AedinInsight,"Digital Marketing Manager @aedinInsight
Connecting small businesses with customers‚Ä¶and have a great time doing it.","Albuquerque, New Mexico",Make Your Own Online Courses https://t.co/K1bfwkwpJe #onlinecourse #onlinelearning #onlinecourses #education #elearning #online #onlineclass #learning #onlineclasses #onlinetraining #course #training #dirumahaja #learnonline #kursusonline #learn #entrepreneur #stayhome #COURSES https://t.co/WHmlxj7wCE,"['onlinecourse', 'onlinelearning', 'onlinecourses', 'education', 'elearning', 'online', 'onlineclass', 'learning', 'onlineclasses', 'onlinetraining', 'course', 'training', 'dirumahaja', 'learnonline', 'kursusonline', 'learn', 'entrepreneur', 'stayhome', 'COURSES']"
57,ScalarHumanity,Until #BehavioralScience is made core #education; polarizing effects will continue to devolve #humanity,,"@Kahoot today announced that Kahoot! has been selected as a Euronext Tech Leader. Read more: https://t.co/nOmHt6lTQd

.

#elearning #education #tech #leader #engagement #onlinelearning #learning #edtech #covid #school #learn #online #teaching #onlinecourses #students #tech",[]
58,TheTecEra,"The #Technology Era is a #magazine for tech executives, who provide an unlikely yet refreshing thought to these success stories.",Singapore,"@Kahoot today announced that Kahoot! has been selected as a Euronext Tech Leader. Read more: https://t.co/nOmHt6lTQd

.

#elearning #education #tech #leader #engagement #onlinelearning #learning #edtech #covid #school #learn #online #teaching #onlinecourses #students #tech","['elearning', 'education', 'tech', 'leader', 'engagement', 'onlinelearning', 'learning', 'edtech', 'covid', 'school', 'learn', 'online', 'teaching', 'onlinecourses', 'students', 'tech']"
59,AnirudhPrakhya,,,"üî• Click below link to buy Books and EDUCBA Courses.
#vedicastrology #educba #learnfromhome #learningnewthings #onlinelearning #elearning #education
üëâ https://t.co/RXzG3sbDsK https://t.co/7fmFPJkLL4","['vedicastrology', 'educba', 'learnfromhome', 'learningnewthings', 'onlinelearning', 'elearning', 'education']"
60,smembrey,"If we teach today‚Äôs students as we taught yesterday‚Äôs, we rob them of tomorrow. - Dr. John Dewey",,"10 Funny Idioms to Make People Chuckle (with Examples) https://t.co/8SGj4NKSia via @YouTube 
#education #educational #English #Englishlanguage #teachertwitter #learning #LearnEnglish #Learn #edutech #eLearning #onlinelearning #edutwitter #idioms #vocabulary","['education', 'educational', 'English', 'Englishlanguage', 'teachertwitter', 'learning', 'LearnEnglish', 'Learn', 'edutech', 'eLearning', 'onlinelearning', 'edutwitter', 'idioms', 'vocabulary']"
61,elitemindztech,"Welcome to Elite Mindz!
A leading one-stop solution to all your Software Development and Mobile app development requirements & Digital Marketing.",India,"The best learning management system gives you the ability to keep track of learners' progress. 
#lms #elearning #ai #training #onlinelearning #blendedlearning #employeetraining #corporatetraining #contentmanagement #university #college #school #liveclasses #sociallearning #mcq https://t.co/qxQs5sgOgo","['lms', 'elearning', 'ai', 'training', 'onlinelearning', 'blendedlearning', 'employeetraining', 'corporatetraining', 'contentmanagement', 'university', 'college', 'school', 'liveclasses', 'sociallearning', 'mcq']"
62,AedinInsight,"Digital Marketing Manager @aedinInsight
Connecting small businesses with customers‚Ä¶and have a great time doing it.","Albuquerque, New Mexico",Make Your Own Online Courses https://t.co/K1bfwkwpJe #onlinecourse #onlinelearning #onlinecourses #education #elearning #online #onlineclass #learning #onlineclasses #onlinetraining #course #training #dirumahaja #learnonline #kursusonline #learn #entrepreneur #stayhome #COURSES https://t.co/uIBlSU8x5q,"['onlinecourse', 'onlinelearning', 'onlinecourses', 'education', 'elearning', 'online', 'onlineclass', 'learning', 'onlineclasses', 'onlinetraining', 'course', 'training', 'dirumahaja', 'learnonline', 'kursusonline', 'learn', 'entrepreneur', 'stayhome', 'COURSES']"
63,MRubel12088058,"I am a Level One Freelancer At Fiverr online Marketplace. I'm a Graphic Designer, Social Media Marketer & SEO Expert.",Bangladesh,"Vibe Academy is offering Online Classes with live instructors for children from 3 to 6 years old!

Starts June 27th and runs until August 5th 2022 at https://t.co/LprUKpRnTF! Sign up today - just $150 for 6 weeks of learning and fun!

#elearning #education #onlinelearning https://t.co/tpKBr1V6qb","['elearning', 'education', 'onlinelearning']"
64,SENDEROPRESS,"Peri√≥dico Digital sobre #Econom√≠a  #Gerencia y #Tecnolog√≠a
Digital Journal of #Economy #Management and #Technology 
Journal  #Gestion et #Technologie",Venezuela,Make Your Own Online Courses https://t.co/K1bfwkwpJe #onlinecourse #onlinelearning #onlinecourses #education #elearning #online #onlineclass #learning #onlineclasses #onlinetraining #course #training #dirumahaja #learnonline #kursusonline #learn #entrepreneur #stayhome #COURSES https://t.co/IQPa7TCiTa,"['onlinecourse', 'onlinelearning', 'onlinecourses', 'education', 'elearning']"
65,James__PT,@Profiletree | @Connolly_Cove | @AmazeFoodDrink | @AmazeCarDrives,Belfast,RT ProfileTree: What are the benefits of online learning? https://t.co/OolBY8pmg7 #Onlinelearning #benefitsofonlinelearning #benefits profiletree profiletreetv profiletreeinterview #interview #Elearning #internet #electronic,"['Onlinelearning', 'benefitsofonlinelearning', 'benefits', 'interview', 'Elearning', 'internet', 'electronic']"
66,ChemoScience,"Chemistry tutor and You Tuber. #subscribe for #learning #chemistry 
Facebook page: @ChemoScienceOfficial
Instagram ID: @chemoscienceofficial",,"@chemistryonlin5 Hey chemistry lovers! Check out my videos on basic #chemistry 
https://t.co/GqhR7trZ3x
#chemoscience #onlinelearning #elearning https://t.co/Ddwn6CxgtG","['chemistry', 'chemoscience', 'onlinelearning', 'elearning']"
67,ChemoScience,"Chemistry tutor and You Tuber. #subscribe for #learning #chemistry 
Facebook page: @ChemoScienceOfficial
Instagram ID: @chemoscienceofficial",,"@the_brandboy Hey chemistry lovers! Check out my videos on basic #chemistry 
https://t.co/GqhR7trZ3x
#chemoscience #onlinelearning #elearning https://t.co/IZAa8D3tJu","['chemistry', 'chemoscience', 'onlinelearning', 'elearning']"
68,ChemoScience,"Chemistry tutor and You Tuber. #subscribe for #learning #chemistry 
Facebook page: @ChemoScienceOfficial
Instagram ID: @chemoscienceofficial",,"@bruker @RACInational Hey chemistry lovers! Check out my videos on basic #chemistry 
https://t.co/GqhR7trZ3x
#chemoscience #onlinelearning #elearning https://t.co/y5yzVDwLrY","['chemistry', 'chemoscience', 'onlinelearning', 'elearning']"
69,ChemoScience,"Chemistry tutor and You Tuber. #subscribe for #learning #chemistry 
Facebook page: @ChemoScienceOfficial
Instagram ID: @chemoscienceofficial",,"@AchieverJee Hey chemistry lovers! Check out my videos on basic #chemistry 
https://t.co/GqhR7trZ3x
#chemoscience #onlinelearning #elearning https://t.co/u420rpxfDo","['chemistry', 'chemoscience', 'onlinelearning', 'elearning']"
70,ed2infinitum,education + technology = the modern world,India,"Teachers Require Training and Time to use Educational Technology

https://t.co/Om2ptFHppq

#onlinelearning #elearning #onlineclass #workfromhome #virtuallearning #edutech https://t.co/0z4EeyQMt6","['onlinelearning', 'elearning']"
71,AedinInsight,"Digital Marketing Manager @aedinInsight
Connecting small businesses with customers‚Ä¶and have a great time doing it.","Albuquerque, New Mexico",Make Your Own Online Courses https://t.co/K1bfwkeORG #onlinecourse #onlinelearning #onlinecourses #education #elearning #online #onlineclass #learning #onlineclasses #onlinetraining #course #training #dirumahaja #learnonline #kursusonline #learn #entrepreneur #stayhome #COURSES https://t.co/Z8Y08WMmMu,"['onlinecourse', 'onlinelearning', 'onlinecourses', 'education', 'elearning', 'online', 'onlineclass', 'learning', 'onlineclasses', 'onlinetraining', 'course', 'training', 'dirumahaja', 'learnonline', 'kursusonline', 'learn', 'entrepreneur', 'stayhome', 'COURSES']"
72,4jassiking,,New Delhi,Provide adaptive learning based on learning style using Personalised Study Guide (PSG) course format #MoodleTips #Moodle #MoodleTips #OpenSource #LMS @Moodle #MoodlePlugin #EdTech #OnlineLearning #ELearning #ISTE https://t.co/D7RHZb3LYk,"['MoodleTips', 'Moodle']"
73,TheLMSDaily,LMSDaily - No 1 e-learning news portal covering all latest news about Open Source EdTech Tools and Software's,Mauritius,Provide adaptive learning based on learning style using Personalised Study Guide (PSG) course format #MoodleTips #Moodle #MoodleTips #OpenSource #LMS @Moodle #MoodlePlugin #EdTech #OnlineLearning #ELearning #ISTE https://t.co/D7RHZb3LYk,"['MoodleTips', 'Moodle', 'MoodleTips', 'OpenSource', 'LMS', 'MoodlePlugin', 'EdTech', 'OnlineLearning', 'ELearning', 'ISTE']"
74,edifypath,EdifyPath is a world renowned online platform that is focused on bridging the talent-gap across industries.,,"Think big, act bigger and achieve the biggest.

#creativethinking #creativity #creativecontent #innovation #creativemind #knowledge #onlinelearning #elearning #edifypath https://t.co/ACdF8jI46I","['creativethinking', 'creativity', 'creativecontent', 'innovation', 'creativemind', 'knowledge', 'onlinelearning', 'elearning', 'edifypath']"
75,education_24x7,"All education content. Education changes the life.
Software Developer| ML | DS | Technical Blogging at https://t.co/WNErKjwYtH |",Delhi,Make Your Own Online Courses https://t.co/K1bfwkwpJe #onlinecourse #onlinelearning #onlinecourses #education #elearning #online #onlineclass #learning #onlineclasses #onlinetraining #course #training #dirumahaja #learnonline #kursusonline #learn #entrepreneur #stayhome #COURSES https://t.co/IQPa7TCiTa,"['onlinecourse', 'onlinelearning', 'onlinecourses', 'education', 'elearning']"
76,iScuela,,India,"Life keeps changing so why not change the style of learning too? On iScuela Learn, you can not only find engaging facts everyday but also new quizzes and exam preparation plans for your child.

#iScuela #iscuelalearn #elearning #elearningplatform #Eeducation #onlinelearning https://t.co/fpOwVnb6wT","['iScuela', 'iscuelalearn', 'elearning', 'elearningplatform', 'Eeducation', 'onlinelearning']"
77,educationbnb,By Doctor @KrittanawongMD. The leaderboard of #education3.0 lovers. Our mission: Establish education 3.0 Twitter community,,Make Your Own Online Courses https://t.co/K1bfwkeORG #onlinecourse #onlinelearning #onlinecourses #education #elearning #online #onlineclass #learning #onlineclasses #onlinetraining #course #training #dirumahaja #learnonline #kursusonline #learn #entrepreneur #stayhome #COURSES https://t.co/eauvXk5Apw,"['onlinecourse', 'onlinelearning', 'onlinecourses', 'education', 'elearning']"
78,AedinInsight,"Digital Marketing Manager @aedinInsight
Connecting small businesses with customers‚Ä¶and have a great time doing it.","Albuquerque, New Mexico",Make Your Own Online Courses https://t.co/K1bfwkeORG #onlinecourse #onlinelearning #onlinecourses #education #elearning #online #onlineclass #learning #onlineclasses #onlinetraining #course #training #dirumahaja #learnonline #kursusonline #learn #entrepreneur #stayhome #COURSES https://t.co/eauvXk5Apw,"['onlinecourse', 'onlinelearning', 'onlinecourses', 'education', 'elearning', 'online', 'onlineclass', 'learning', 'onlineclasses', 'onlinetraining', 'course', 'training', 'dirumahaja', 'learnonline', 'kursusonline', 'learn', 'entrepreneur', 'stayhome', 'COURSES']"
79,MarkJ_ohnson,"Assistant Manager at @K12Prospects. K-12 educational sales and marketing. Connecting with educators. Business opportunities.
#edtech #education #data",United States of America,"What is the most important feature to you for edtech platforms?

#elearning #edtech #mooc #educators #onlinelearning","['elearning', 'edtech', 'mooc', 'educators', 'onlinelearning']"
80,ScalarHumanity,Until #BehavioralScience is made core #education; polarizing effects will continue to devolve #humanity,,"What is the most important feature to you for edtech platforms?

#elearning #edtech #mooc #educators #onlinelearning","['elearning', 'edtech', 'mooc', 'educators', 'onlinelearning']"
81,educationbnb,By Doctor @KrittanawongMD. The leaderboard of #education3.0 lovers. Our mission: Establish education 3.0 Twitter community,,"What is the most important feature to you for edtech platforms?

#elearning #edtech #mooc #educators #onlinelearning","['elearning', 'edtech', 'mooc', 'educators', 'onlinelearning']"
82,KEEP_HK,To empower educators and learners with impactful resources and innovative technologies for lifelong education,Hong Kong,"What is the most important feature to you for edtech platforms?

#elearning #edtech #mooc #educators #onlinelearning","['elearning', 'edtech', 'mooc', 'educators', 'onlinelearning']"
83,AedinInsight,"Digital Marketing Manager @aedinInsight
Connecting small businesses with customers‚Ä¶and have a great time doing it.","Albuquerque, New Mexico",Make Your Own Online Courses https://t.co/K1bfwkeORG #onlinecourse #onlinelearning #onlinecourses #education #elearning #online #onlineclass #learning #onlineclasses #onlinetraining #course #training #dirumahaja #learnonline #kursusonline #learn #entrepreneur #stayhome #COURSES https://t.co/QYnxIu1Y2y,"['onlinecourse', 'onlinelearning', 'onlinecourses', 'education', 'elearning', 'online', 'onlineclass', 'learning', 'onlineclasses', 'onlinetraining', 'course', 'training', 'dirumahaja', 'learnonline', 'kursusonline', 'learn', 'entrepreneur', 'stayhome', 'COURSES']"
84,JoelleGirton,"Editor https://t.co/TjjBq9ZEx1 (@TalentedLearn). Our independent insights help organizations pick #LMS platforms + #learning #tech, primarily for external training","Pennsylvania, USA","DEADLINE June 30th: Hey #learningtech vendors, do you serve the extended enterprise market? Enter the 2022 Talented Learning Systems Awards!
üèÖüèÖüèÖ

It's free, so what are you waiting for? Get started nowüëâhttps://t.co/dIbY7FaqeW

#LMS #LXP #onlinelearning #elearning #hrtech https://t.co/qStxRIl3b8",['learningtech']
85,cstonervoice,"üéß Black Female Voice Actor | Warm & Conversational | ELearning | Commercials | & more!
Contact For Booking 

‚úâ info@christianstoner.com

Rep: @Wehmannvoice",,"Make E-Learning easy and fun!
Book your E-Learning voiceover with Christian Stoner at https://t.co/cfvwsa8hbH

#Elearning 
#Onlinelearning 
#Voiceactor 
#Voiceover 
#University 
#Courses
#Classes 
#Tutorials
#BlackOwned https://t.co/f3XrMUMrZO","['Elearning', 'Onlinelearning', 'Voiceactor', 'Voiceover', 'University', 'Courses', 'Classes', 'Tutorials', 'BlackOwned']"
86,DistanceLrnBot,"Follow this account to get Tweets with hashtag #distancelearning in your timeline.  Share, learn, & support students together.  Managed by @MrsJennCarr.",San Diego,"Here we are available to support your academic dreams.
DISTANCE LEARNING PROGRAMMES
PROGRAMES OFFERED
Call us - 88074 49232 
#UniversityAdmissionZone #coimbatore #tamilnadu #distanceeducation #distancelearning #onlinelearning #onlineeducation #elearning #advancededucation https://t.co/pcUTx3Ci7Q",[]
87,AedinInsight,"Digital Marketing Manager @aedinInsight
Connecting small businesses with customers‚Ä¶and have a great time doing it.","Albuquerque, New Mexico",Make Your Own Online Courses https://t.co/K1bfwkwpJe #onlinecourse #onlinelearning #onlinecourses #education #elearning #online #onlineclass #learning #onlineclasses #onlinetraining #course #training #dirumahaja #learnonline #kursusonline #learn #entrepreneur #stayhome #COURSES https://t.co/dc9yg69KBm,"['onlinecourse', 'onlinelearning', 'onlinecourses', 'education', 'elearning', 'online', 'onlineclass', 'learning', 'onlineclasses', 'onlinetraining', 'course', 'training', 'dirumahaja', 'learnonline', 'kursusonline', 'learn', 'entrepreneur', 'stayhome', 'COURSES']"
88,NammaTamilnadu_,News and Updates from Tamilnadu. ‡Æ§‡ÆÆ‡Æø‡Æ¥‡Øç‡Æ®‡Ææ‡Æü‡Øç‡Æü‡Øà ‡Æ™‡Æ±‡Øç‡Æ±‡Æø‡ÆØ ‡ÆÖ‡Æ©‡Øà‡Æ§‡Øç‡Æ§‡ØÅ ‡Æ§‡Æï‡Æµ‡Æ≤‡Øç ‡ÆÆ‡Æ±‡Øç‡Æ±‡ØÅ‡ÆÆ‡Øç ‡Æö‡ØÜ‡ÆØ‡Øç‡Æ§‡Æø‡Æï‡Æ≥‡Øç. #news #sports #cinema RT bot #tamil #tn #tamilnadu,"Tamil Nadu, India","Here we are available to support your academic dreams.
DISTANCE LEARNING PROGRAMMES
PROGRAMES OFFERED
Call us - 88074 49232 
#UniversityAdmissionZone #coimbatore #tamilnadu #distanceeducation #distancelearning #onlinelearning #onlineeducation #elearning #advancededucation https://t.co/pcUTx3Ci7Q",[]
89,Universityadm11,"Distance education centre in Coimbatore 
Study under UGC/IACTE Universities
For admission : 9047892380 
Mail: jerindigitalwworld@gmail.com",,"Here we are available to support your academic dreams.
DISTANCE LEARNING PROGRAMMES
PROGRAMES OFFERED
Call us - 88074 49232 
#UniversityAdmissionZone #coimbatore #tamilnadu #distanceeducation #distancelearning #onlinelearning #onlineeducation #elearning #advancededucation https://t.co/pcUTx3Ci7Q","['UniversityAdmissionZone', 'coimbatore', 'tamilnadu', 'distanceeducation', 'distancelearning', 'onlinelearning', 'onlineeducation', 'elearning', 'advancededucation']"
90,DistanceLrnBot,"Follow this account to get Tweets with hashtag #distancelearning in your timeline.  Share, learn, & support students together.  Managed by @MrsJennCarr.",San Diego,Check out the latest E-Learning news and resources at https://t.co/qvnT08s9Sm (updated daily) #elearning #distancelearning #onlinelearning #school #virtuallearning #cbt #wbt #college #university #onlinedegree #education #ai,"['elearning', 'distancelearning']"
91,PyScaleLLC,"Polyglot technologist. PyScale focuses on developing scalable, solutions in the cloud. Retweets do not represent my views. link - https://t.co/KeYGCi3bOi","Miami, FL",Check out the latest E-Learning news and resources at https://t.co/qvnT08s9Sm (updated daily) #elearning #distancelearning #onlinelearning #school #virtuallearning #cbt #wbt #college #university #onlinedegree #education #ai,"['elearning', 'distancelearning']"
92,jurczyk,"https://t.co/c02gCUsKUP Web Designer, Digital Marketer, Elearning Designer, Content Manager, Founder.","Brecksville, OH",Check out the latest E-Learning news and resources at https://t.co/qvnT08s9Sm (updated daily) #elearning #distancelearning #onlinelearning #school #virtuallearning #cbt #wbt #college #university #onlinedegree #education #ai,"['elearning', 'distancelearning', 'onlinelearning', 'school', 'virtuallearning', 'cbt', 'wbt', 'college', 'university', 'onlinedegree', 'education', 'ai']"
93,AedinInsight,"Digital Marketing Manager @aedinInsight
Connecting small businesses with customers‚Ä¶and have a great time doing it.","Albuquerque, New Mexico",Make Your Own Online Courses https://t.co/K1bfwkwpJe #onlinecourse #onlinelearning #onlinecourses #education #elearning #online #onlineclass #learning #onlineclasses #onlinetraining #course #training #dirumahaja #learnonline #kursusonline #learn #entrepreneur #stayhome #COURSES https://t.co/Exo4yZ9U9e,"['onlinecourse', 'onlinelearning', 'onlinecourses', 'education', 'elearning', 'online', 'onlineclass', 'learning', 'onlineclasses', 'onlinetraining', 'course', 'training', 'dirumahaja', 'learnonline', 'kursusonline', 'learn', 'entrepreneur', 'stayhome', 'COURSES']"
94,stylelibreview,"50,000 WordPress Themes & Website Templates From 5$. The Most Popular eCommerce, WordPress Themes and Plugins.","Ukraine, Kiev","CorpTrain - Corporate Training WordPress Theme [UPDATE]
https://t.co/7Lrs4zSWa0

#coaching #elearning #educationwordpresstheme #learning #learningmanagementsystem #learnpress #lessons #lms #onlinecourse #onlineeducation #onlinelearning #themeforest #thimpress https://t.co/BlLBzZmzvu","['coaching', 'elearning', 'educationwordpresstheme', 'learning', 'learningmanagementsystem', 'learnpress', 'lessons', 'lms', 'onlinecourse', 'onlineeducation', 'onlinelearning', 'themeforest', 'thimpress']"
95,BraniffBill,Director @START_UMD. Terrorism & CVE lecturer. Founding Board Member of @WetheVeterans  Nats Fan.,,"Sharpen your #counterterrorism skills in a summer course with START! Entirely online, these knowledge-building courses are open to all https://t.co/aRMSA75NoA

#KeepLearningUMD #UMD2024 #UMD #OnlineClass #geographers #geography #eLearning #OnlineLearning #DistanceLearning #GIS https://t.co/6ibNobmv6e",['counterterrorism']
96,AedinInsight,"Digital Marketing Manager @aedinInsight
Connecting small businesses with customers‚Ä¶and have a great time doing it.","Albuquerque, New Mexico",Make Your Own Online Courses https://t.co/K1bfwkwpJe #onlinecourse #onlinelearning #onlinecourses #education #elearning #online #onlineclass #learning #onlineclasses #onlinetraining #course #training #dirumahaja #learnonline #kursusonline #learn #entrepreneur #stayhome #COURSES https://t.co/01zr72lV9U,"['onlinecourse', 'onlinelearning', 'onlinecourses', 'education', 'elearning', 'online', 'onlineclass', 'learning', 'onlineclasses', 'onlinetraining', 'course', 'training', 'dirumahaja', 'learnonline', 'kursusonline', 'learn', 'entrepreneur', 'stayhome', 'COURSES']"
97,England_UserNo1,When you walk in silence your excellence will always speak for you. üá¨üáßüá∫üá∏,"Beverley, United Kingdom","Including these techniques in your marketing strategy while promoting your course online will ensure maximum reach and visibility among your target audience.

#elearning #onlinelearning #education #podcast #webinar #elearningplatform #trainercentral #socialmedia",[]
98,AedinInsight,"Digital Marketing Manager @aedinInsight
Connecting small businesses with customers‚Ä¶and have a great time doing it.","Albuquerque, New Mexico",Make Your Own Online Courses https://t.co/K1bfwkeORG #onlinecourse #onlinelearning #onlinecourses #education #elearning #online #onlineclass #learning #onlineclasses #onlinetraining #course #training #dirumahaja #learnonline #kursusonline #learn #entrepreneur #stayhome #COURSES https://t.co/XwSGCqkB9G,"['onlinecourse', 'onlinelearning', 'onlinecourses', 'education', 'elearning', 'online', 'onlineclass', 'learning', 'onlineclasses', 'onlinetraining', 'course', 'training', 'dirumahaja', 'learnonline', 'kursusonline', 'learn', 'entrepreneur', 'stayhome', 'COURSES']"
99,EdTech_Awards,"The EdTech Breakthrough awards program is dedicated to honoring and recognizing the leading #EdTech products, companies and people in the industry.","Los Angeles, CA","Teachers Require Training and Time to use Educational Technology

https://t.co/Om2ptFHppq

#onlinelearning #elearning #onlineclass #workfromhome #virtuallearning #edutech https://t.co/0z4EeyQMt6","['onlinelearning', 'elearning', 'onlineclass', 'workfromhome', 'virtuallearning', 'edutech']"
